,,,,,,Performance,Performance,Performance,Performance,Performance,Performance,Performance,Performance,Performance,Performance,Performance,Performance,Dribbles,Dribbles,Dribbles,Dribbles,Dribbles,Vs Dribbles,Vs Dribbles,Vs Dribbles,Vs Dribbles,
Rk,Player,Nation,Pos,Squad,90s,CrdY,CrdR,2CrdY,Fls,Fld,Off,Crs,TklW,Int,PKwon,PKcon,OG,Succ,Att,Succ%,#Pl,Megs,Tkl,Att,Tkl%,Past,Matches
1,Suleiman Abdullahi\Suleiman-Abdullahi,ng NGA,FW,Union Berlin,1.1,1,0,0,0,0,2,5,1,1,0,0,0,0,2,0.0,1,1,1,2,50.0,1,Matches
2,David Abraham\David-Abraham,ar ARG,DF,Eint Frankfurt,7.6,2,1,0,8,4,0,2,12,8,0,0,0,4,6,66.7,6,0,14,26,53.8,12,Matches
3,Amir Abrashi\Amir-Abrashi,al ALB,MF,Freiburg,2.4,0,0,0,4,1,0,2,7,1,0,0,0,2,2,100.0,2,0,7,11,63.6,4,Matches
4,Tyler Adams\Tyler-Adams,us USA,MF,RB Leipzig,1.0,0,0,0,1,4,0,1,0,2,0,0,0,1,2,50.0,1,0,1,2,50.0,1,Matches
5,Sargis Adamyan\Sargis-Adamyan,am ARM,FWMF,Hoffenheim,7.4,1,0,0,11,6,5,7,3,2,1,0,0,10,21,47.6,12,0,9,28,32.1,19,Matches
6,Manuel Akanji\Manuel-Akanji,ch SUI,MF,Dortmund,15.2,1,0,0,9,17,0,0,12,20,0,0,1,3,4,75.0,4,0,25,35,71.4,10,Matches
7,Kevin Akpoguma\Kevin-Akpoguma,de GER,DF,Hoffenheim,7.7,2,0,0,4,9,1,2,6,7,0,1,0,3,4,75.0,3,0,18,28,64.3,10,Matches
8,David Alaba\David-Alaba,at AUT,DFMF,Bayern Munich,11.9,0,0,0,6,3,0,18,12,11,0,0,0,2,4,50.0,2,0,15,20,75.0,5,Matches
9,Lucas Alario\Lucas-Alario,ar ARG,FW,Bayer,7.5,3,0,0,13,11,8,2,1,1,0,0,0,10,13,76.9,10,0,4,8,50.0,4,Matches
10,Paco Alcácer\Paco-Alcacer,es ESP,FW,Dortmund,5.9,0,0,0,2,3,7,2,2,1,0,0,0,4,7,57.1,5,1,2,9,22.2,7,Matches
11,Thiago Alcántara\Thiago-Alcantara,es ESP,MF,Bayern Munich,10.9,5,0,0,19,9,0,5,20,26,0,0,0,32,36,88.9,32,0,26,41,63.4,15,Matches
12,Nadiem Amiri\Nadiem-Amiri,de GER,MF,Bayer,11.8,1,0,0,16,21,2,71,7,9,0,0,0,15,27,55.6,16,1,11,20,55.0,9,Matches
13,Ethan Ampadu\Ethan-Ampadu,wal WAL,MF,RB Leipzig,0.5,0,0,0,0,0,0,0,1,1,0,0,0,0,0,,0,0,1,1,100.0,0,Matches
14,Opoku Ampomah\Opoku-Ampomah,gh GHA,MF,Düsseldorf,3.3,1,0,0,12,3,1,10,5,2,0,0,0,14,28,50.0,17,0,9,16,56.3,7,Matches
15,Sebastian Andersson\Sebastian-Andersson,se SWE,FW,Union Berlin,15.5,1,0,0,33,29,7,19,6,3,0,0,0,19,24,79.2,19,2,10,18,55.6,8,Matches
16,Robert Andrich\Robert-Andrich,de GER,MF,Union Berlin,16.0,7,0,0,41,25,0,21,35,31,2,0,0,15,20,75.0,17,1,52,75,69.3,23,Matches
17,Christopher Antwi-Adjei\Christopher-Antwi-Adjei,gh GHA,MF,Paderborn 07,11.7,1,0,0,8,20,1,26,9,6,0,0,0,26,46,56.5,28,1,17,28,60.7,11,Matches
18,Charles Aránguiz\Charles-Aranguiz,cl CHI,MF,Bayer,14.2,1,0,0,8,25,0,6,17,16,0,0,0,8,15,53.3,9,1,30,58,51.7,28,Matches
19,Maximilian Arnold\Maximilian-Arnold,de GER,MF,Wolfsburg,15.8,4,0,0,28,42,0,81,21,14,0,0,0,14,20,70.0,14,0,32,68,47.1,36,Matches
20,Ludwig Augustinsson\Ludwig-Augustinsson,se SWE,DF,Werder Bremen,5.7,0,0,0,7,4,0,30,13,8,0,0,0,4,5,80.0,5,0,17,22,77.3,5,Matches
21,Taiwo Awoniyi\Taiwo-Awoniyi,ng NGA,FW,Mainz 05,1.7,0,0,0,2,0,3,2,0,0,0,1,0,1,3,33.3,2,0,0,2,0.0,2,Matches
22,Kaan Ayhan\Kaan-Ayhan,tr TUR,DFMF,Düsseldorf,15.9,6,0,0,17,9,2,7,21,28,0,1,0,6,7,85.7,6,0,28,38,73.7,10,Matches
23,Matthias Bader\Matthias-Bader,de GER,DF,Köln,0.1,0,0,0,0,2,0,0,1,0,0,0,0,0,0,,0,0,1,1,100.0,0,Matches
24,Daniel Baier\Daniel-Baier,de GER,MF,Augsburg,11.7,2,0,0,16,25,0,2,17,32,0,0,0,8,9,88.9,8,0,25,51,49.0,26,Matches
25,Leon Bailey\Leon-Bailey,jm JAM,FW,Bayer,5.0,0,2,0,8,11,3,36,1,4,0,0,0,21,32,65.6,21,0,4,6,66.7,2,Matches
26,Lewis Baker\Lewis-Baker,eng ENG,MF,Düsseldorf,6.1,1,0,0,8,7,0,4,4,1,0,0,1,10,12,83.3,10,0,7,19,36.8,12,Matches
27,Ridle Baku\Ridle-Baku,de GER,MF,Mainz 05,11.1,2,1,0,18,14,0,23,15,14,0,0,0,14,26,53.8,17,1,25,39,64.1,14,Matches
28,Leonardo Balerdi\Leonardo-Balerdi,ar ARG,DF,Dortmund,0.1,0,0,0,0,0,0,0,0,0,0,0,0,0,0,,0,0,0,0,,0,Matches
29,Philipp Bargfrede\Philipp-Bargfrede,de GER,MF,Werder Bremen,4.0,1,0,0,8,3,0,2,7,14,0,0,0,4,4,100.0,4,1,12,22,54.5,10,Matches
30,Aymen Barkok\Aymen-Barkok,de GER,MF,Düsseldorf,0.9,0,0,0,0,0,0,0,0,3,0,0,0,0,1,0.0,0,0,1,3,33.3,2,Matches
31,Leandro Barreiro Martins\Leandro-Barreiro-Martins,lu LUX,MF,Mainz 05,0.6,0,0,0,3,3,0,0,1,0,0,0,0,0,0,,0,0,1,4,25.0,3,Matches
32,Fin Bartels\Fin-Bartels,de GER,FWMF,Werder Bremen,0.4,0,0,0,1,0,0,2,0,0,0,0,0,0,0,,0,0,0,0,,0,Matches
33,Oliver Baumann\Oliver-Baumann,de GER,GK,Hoffenheim,17.0,1,0,0,0,6,0,0,0,1,0,0,0,0,0,,0,0,0,0,,0,Matches
34,Julian Baumgartlinger\Julian-Baumgartlinger,at AUT,DFMF,Bayer,10.5,2,0,0,7,12,0,1,15,12,0,0,0,6,6,100.0,6,0,21,43,48.8,22,Matches
35,Christoph Baumgartner\Christoph-Baumgartner,at AUT,MF,Hoffenheim,3.1,0,0,0,9,8,2,7,7,0,0,0,0,4,12,33.3,6,1,10,19,52.6,9,Matches
36,Ihlas Bebou\Ihlas-Bebou,tg TOG,FWMF,Hoffenheim,14.2,0,0,0,17,20,4,30,13,4,0,0,0,35,61,57.4,38,3,17,33,51.5,16,Matches
37,Sheraldo Becker\Sheraldo-Becker,nl NED,MF,Union Berlin,5.3,1,0,0,9,4,3,13,2,0,0,0,0,8,12,66.7,8,1,4,7,57.1,3,Matches
38,Timo Becker\Timo-Becker,de GER,DF,Schalke 04,0.0,0,0,0,0,0,0,0,0,0,0,0,0,0,0,,0,0,0,0,,0,Matches
39,Ishak Belfodil\Ishak-Belfodil,dz ALG,FW,Hoffenheim,3.0,0,0,0,4,1,5,0,1,0,0,0,0,10,14,71.4,10,0,1,1,100.0,0,Matches
40,Karim Bellarabi\Karim-Bellarabi,de GER,FWMF,Bayer,9.9,1,0,0,12,9,5,79,5,5,0,0,0,28,49,57.1,30,3,12,30,40.0,18,Matches
41,Lars Bender\Lars-Bender,de GER,MF,Bayer,9.7,1,0,0,8,5,1,16,18,13,0,0,0,6,10,60.0,7,1,26,38,68.4,12,Matches
42,Sven Bender\Sven-Bender,de GER,MF,Bayer,16.3,1,0,0,12,10,0,1,24,32,0,0,0,1,1,100.0,1,0,37,53,69.8,16,Matches
43,László Bénes\Laszlo-Benes,sk SVK,MF,M'gladbach,9.1,3,0,0,12,21,0,52,7,8,0,0,0,9,13,69.2,9,0,8,19,42.1,11,Matches
44,Ramy Bensebaini\Ramy-Bensebaini,dz ALG,DFMF,M'gladbach,7.1,3,1,1,12,13,0,5,5,25,0,1,0,11,15,73.3,11,2,13,17,76.5,4,Matches
45,Louis Beyer\Louis-Beyer,de GER,DF,M'gladbach,1.2,1,0,0,2,2,0,1,4,1,0,0,0,1,1,100.0,1,0,6,8,75.0,2,Matches
46,Ermin Bičakčić\Ermin-Bicakcic,ba BIH,DF,Hoffenheim,6.9,0,0,0,5,7,2,1,3,11,0,0,0,1,3,33.3,1,0,6,11,54.5,5,Matches
47,Leonardo Bittencourt\Leonardo-Bittencourt,de GER,MF,Hoffenheim,0.0,1,0,0,1,2,1,0,0,0,0,0,0,0,0,,0,0,0,0,,0,Matches
48,Leonardo Bittencourt\Leonardo-Bittencourt,de GER,MF,Werder Bremen,11.0,4,0,0,29,36,3,35,9,5,0,0,0,19,31,61.3,19,4,23,46,50.0,23,Matches
49,Jérôme Boateng\Jerome-Boateng,de GER,DF,Bayern Munich,6.5,4,1,0,8,3,0,3,7,13,0,1,0,0,0,,0,0,11,18,61.1,7,Matches
50,Adam Bodzek\Adam-Bodzek,de GER,DFMF,Düsseldorf,13.3,6,0,0,15,22,0,2,14,16,0,0,0,2,4,50.0,2,0,21,57,36.8,36,Matches
51,Jean-Paul Boëtius\Jean-Paul-Boetius,nl NED,FWMF,Mainz 05,16.4,1,0,0,29,33,0,5,34,19,0,0,0,28,42,66.7,30,0,50,81,61.7,31,Matches
52,Robin Bormuth\Robin-Bormuth,de GER,DF,Düsseldorf,2.0,0,0,0,0,2,0,0,0,1,0,0,0,0,0,,0,0,2,3,66.7,1,Matches
53,Sebastiaan Bornauw\Sebastiaan-Bornauw,be BEL,DF,Köln,15.9,3,0,0,24,7,1,2,20,26,0,0,0,5,6,83.3,5,0,33,48,68.8,15,Matches
54,Brandon Borrello\Brandon-Borrello,au AUS,FW,Freiburg,3.3,0,0,0,3,9,1,4,4,1,0,0,0,6,15,40.0,8,0,9,14,64.3,5,Matches
55,Nassim Boujellab\Nassim-Boujellab,de GER,FW,Schalke 04,0.1,0,0,0,1,0,0,0,0,0,0,0,0,0,1,0.0,1,0,0,0,,0,Matches
56,Dedryck Boyata\Dedryck-Boyata,be BEL,DF,Hertha BSC,13.6,4,0,0,12,5,1,0,10,33,0,2,0,4,4,100.0,4,0,21,28,75.0,7,Matches
57,Julian Brandt\Julian-Brandt,de GER,MF,Dortmund,11.7,0,0,0,4,10,2,11,22,7,0,0,0,30,46,65.2,31,1,27,48,56.3,21,Matches
58,Josip Brekalo\Josip-Brekalo,hr CRO,FW,Wolfsburg,7.8,0,0,0,10,7,4,41,4,6,0,0,0,27,48,56.3,28,5,5,17,29.4,12,Matches
59,John Brooks\John-Brooks,us USA,DF,Wolfsburg,11.0,2,0,0,13,5,0,1,9,15,0,0,0,2,2,100.0,2,0,18,34,52.9,16,Matches
60,Daniel Brosinski\Daniel-Brosinski,de GER,DFMF,Mainz 05,10.7,1,0,0,8,5,0,77,8,10,0,1,1,9,13,69.2,11,0,20,35,57.1,15,Matches
61,Jeffrey Bruma\Jeffrey-Bruma,nl NED,DF,Wolfsburg,9.0,1,0,0,15,4,1,0,3,13,0,1,0,2,3,66.7,2,0,7,17,41.2,10,Matches
62,Jacob Bruun Larsen\Jacob-Bruun-Larsen,dk DEN,MF,Dortmund,0.7,0,0,0,1,2,0,0,0,0,0,0,0,1,3,33.3,1,0,0,0,,0,Matches
63,Marius Bülter\Marius-Bulter,de GER,MF,Union Berlin,12.2,0,0,0,18,9,4,28,9,5,0,0,0,32,48,66.7,35,2,17,28,60.7,11,Matches
64,Guido Burgstaller\Guido-Burgstaller,at AUT,MF,Schalke 04,10.9,1,0,0,18,14,14,9,5,2,0,0,0,14,25,56.0,16,2,8,20,40.0,12,Matches
65,Jonathan Burkardt\Jonathan-Burkardt,de GER,FW,Mainz 05,1.0,0,0,0,1,2,0,1,3,0,0,0,0,0,2,0.0,0,0,5,6,83.3,1,Matches
66,Roman Bürki\Roman-Burki,ch SUI,GK,Dortmund,13.8,0,0,0,0,0,0,0,0,0,0,0,0,0,1,0.0,0,0,0,1,0.0,1,Matches
67,Daniel Caligiuri\Daniel-Caligiuri,it ITA,MF,Schalke 04,15.1,4,0,0,18,25,1,74,14,14,0,0,0,25,50,50.0,27,0,27,64,42.2,37,Matches
68,Koen Casteels\Koen-Casteels,be BEL,GK,Wolfsburg,9.0,0,0,0,0,1,0,0,0,0,0,0,0,0,0,,0,0,0,0,,0,Matches
69,Timothy Chandler\Timothy-Chandler,us USA,DFMF,Eint Frankfurt,4.5,2,0,0,4,3,2,31,6,4,0,0,0,3,8,37.5,4,0,11,15,73.3,4,Matches
70,Kwon Chang-hoon\Kwon-Chang-hoon,kr KOR,MF,Freiburg,1.8,0,0,0,1,3,1,4,3,2,1,0,0,4,6,66.7,4,0,3,7,42.9,4,Matches
71,Darko Churlinov\Darko-Churlinov,mk MKD,MF,Köln,0.2,0,0,0,1,0,1,2,0,1,0,0,0,0,2,0.0,0,0,0,1,0.0,1,Matches
72,Per Ciljan Skjelbred\Per-Ciljan-Skjelbred,no NOR,MF,Hertha BSC,9.9,3,0,0,14,6,0,1,19,15,0,0,0,6,8,75.0,6,0,31,52,59.6,21,Matches
73,Jamilu Collins\Jamilu-Collins,ng NGA,DF,Paderborn 07,16.0,5,0,0,25,17,0,14,31,40,0,1,0,32,54,59.3,34,4,56,75,74.7,19,Matches
74,Kingsley Coman\Kingsley-Coman,fr FRA,FWMF,Bayern Munich,9.8,1,0,0,6,19,3,49,10,0,1,0,0,38,64,59.4,42,1,16,25,64.0,9,Matches
75,Jhon Córdoba\Jhon-Cordoba,co COL,FW,Köln,9.1,3,0,0,26,30,5,6,5,3,0,0,0,11,22,50.0,12,0,6,10,60.0,4,Matches
76,Sergio Córdova\Sergio-Cordova,ve VEN,FW,Augsburg,2.9,0,0,0,4,9,1,2,1,1,0,0,0,2,4,50.0,2,0,2,10,20.0,8,Matches
77,Danny da Costa\Danny-da-Costa,de GER,DF,Eint Frankfurt,10.3,0,0,0,5,5,3,60,14,11,0,0,0,14,29,48.3,16,0,21,29,72.4,8,Matches
78,Philippe Coutinho\Philippe-Coutinho,br BRA,FWMF,Bayern Munich,10.9,0,0,0,4,18,0,22,15,4,1,0,0,30,46,65.2,34,5,17,23,73.9,6,Matches
79,Mickaël Cuisance\Mickael-Cuisance,fr FRA,MF,Bayern Munich,0.3,1,0,0,3,0,0,2,0,0,0,0,0,1,3,33.3,2,0,0,0,,0,Matches
80,Matheus Cunha\Matheus-Cunha,br BRA,,RB Leipzig,3.0,0,0,0,9,6,3,1,4,1,0,0,0,7,11,63.6,7,0,7,10,70.0,3,Matches
81,Rafael Czichos\Rafael-Czichos,de GER,DF,Köln,14.4,3,1,1,16,14,1,3,22,21,0,2,1,2,4,50.0,2,0,27,41,65.9,14,Matches
82,Mahmoud Dahoud\Mahmoud-Dahoud,de GER,MF,Dortmund,2.8,0,0,0,4,2,0,3,3,2,0,0,0,4,5,80.0,4,0,9,17,52.9,8,Matches
83,Leon Dajaku\Leon-Dajaku,de GER,FW,Bayern Munich,0.0,0,0,0,0,0,0,0,0,0,0,0,0,0,0,,0,0,0,0,,0,Matches
84,Vladimír Darida\Vladimir-Darida,cz CZE,MF,Hertha BSC,14.0,5,1,1,24,15,1,40,24,16,0,0,0,18,26,69.2,20,1,34,55,61.8,21,Matches
85,Alphonso Davies\Alphonso-Davies,ca CAN,FW,Bayern Munich,10.1,0,0,0,11,15,0,25,23,16,0,0,0,41,61,67.2,45,5,36,45,80.0,9,Matches
86,Thomas Delaney\Thomas-Delaney,dk DEN,MF,Dortmund,5.3,2,0,0,13,7,0,1,6,18,0,0,1,2,4,50.0,2,0,10,16,62.5,6,Matches
87,Kerem Demirbay\Kerem-Demirbay,de GER,MF,Bayer,8.4,0,0,0,9,7,0,61,8,9,0,0,0,13,17,76.5,14,1,13,20,65.0,7,Matches
88,Diego Demme\Diego-Demme,de GER,DFMF,RB Leipzig,13.5,3,0,0,19,13,0,8,28,12,0,0,0,12,21,57.1,14,1,45,72,62.5,27,Matches
89,Moussa Diaby\Moussa-Diaby,fr FRA,MF,Bayer,6.3,0,0,0,8,10,1,21,2,3,0,0,0,30,44,68.2,32,3,3,8,37.5,5,Matches
90,Javairô Dilrosun\Javairo-Dilrosun,nl NED,FW,Hertha BSC,9.1,2,0,0,4,11,3,23,4,9,0,0,0,31,44,70.5,34,3,13,25,52.0,12,Matches
91,Bas Dost\Bas-Dost,nl NED,FW,Eint Frankfurt,8.5,0,0,0,6,8,7,1,2,1,0,0,0,2,5,40.0,3,0,3,3,100.0,0,Matches
92,Mohamed Dräger\Mohamed-Drager,tn TUN,MF,Paderborn 07,9.4,1,0,0,12,15,0,29,19,14,0,0,0,9,33,27.3,11,3,27,47,57.4,20,Matches
93,Aleksandar Dragović\Aleksandar-Dragovic,at AUT,DFMF,Bayer,6.0,4,1,1,12,3,0,0,11,5,0,1,0,1,1,100.0,1,0,15,20,75.0,5,Matches
94,Dominick Drexler\Dominick-Drexler,de GER,FW,Köln,10.6,4,0,0,21,22,6,21,11,13,0,1,0,15,28,53.6,15,0,17,30,56.7,13,Matches
95,Ondrej Duda\Ondrej-Duda,sk SVK,MF,Hertha BSC,5.0,2,0,0,12,11,0,7,3,5,0,0,0,13,22,59.1,14,0,5,17,29.4,12,Matches
96,Erik Durm\Erik-Durm,de GER,DFFW,Eint Frankfurt,4.7,0,0,0,3,2,0,15,7,4,0,0,0,5,5,100.0,5,0,13,20,65.0,7,Matches
97,Johannes Eggestein\Johannes-Eggestein,de GER,FW,Werder Bremen,4.8,3,1,1,5,6,1,11,3,3,0,0,0,0,4,0.0,1,1,5,13,38.5,8,Matches
98,Maximilian Eggestein\Maximilian-Eggestein,de GER,MF,Werder Bremen,15.7,2,0,0,19,15,0,16,16,11,0,0,0,11,17,64.7,11,0,28,45,62.2,17,Matches
99,Kingsley Ehizibue\Kingsley-Ehizibue,nl NED,DF,Köln,12.4,5,1,0,32,17,1,37,26,19,0,2,0,22,33,66.7,24,2,47,57,82.5,10,Matches
100,Nico Elvedi\Nico-Elvedi,ch SUI,DF,M'gladbach,14.7,2,0,0,11,15,1,1,19,38,0,0,0,5,5,100.0,5,0,33,42,78.6,9,Matches
101,Breel Embolo\Breel-Embolo,ch SUI,FWMF,M'gladbach,10.0,2,0,0,27,24,8,2,9,4,1,0,0,22,49,44.9,25,1,13,21,61.9,8,Matches
102,Alexander Esswein\Alexander-Esswein,de GER,FWMF,Hertha BSC,0.3,0,0,0,1,1,0,0,0,0,0,0,0,0,0,,0,0,1,2,50.0,1,Matches
103,Simon Falette\Simon-Falette,gn GUI,DF,Eint Frankfurt,1.0,0,0,0,0,1,0,0,1,5,0,0,0,1,1,100.0,1,0,1,2,50.0,1,Matches
104,Ohis Felix Uduokhai\Ohis-Felix-Uduokhai,de GER,DF,Augsburg,10.4,1,0,0,4,5,0,0,11,18,0,0,0,2,3,66.7,2,0,18,22,81.8,4,Matches
105,Edimilson Fernandes\Edimilson-Fernandes,ch SUI,MF,Mainz 05,13.1,6,1,1,15,3,0,12,23,28,0,0,0,11,20,55.0,11,0,34,51,66.7,17,Matches
106,Gelson Fernandes\Gelson-Fernandes,ch SUI,MF,Eint Frankfurt,7.5,5,1,1,25,2,0,2,19,19,0,0,0,3,4,75.0,3,0,33,48,68.8,15,Matches
107,Oliver Fink\Oliver-Fink,de GER,MF,Düsseldorf,5.7,1,0,0,9,13,0,5,17,6,1,0,0,6,11,54.5,9,1,18,31,58.1,13,Matches
108,Alfreð Finnbogason\Alfred-Finnbogason,is ISL,FW,Augsburg,6.1,1,0,0,10,5,2,0,2,3,0,0,0,3,8,37.5,4,1,3,5,60.0,2,Matches
109,Mark Flekken\Mark-Flekken,nl NED,GK,Freiburg,9.0,0,0,0,1,0,0,0,0,1,0,0,0,2,2,100.0,2,0,0,1,0.0,1,Matches
110,Emil Forsberg\Emil-Forsberg,se SWE,MF,RB Leipzig,7.8,0,0,0,9,14,1,19,7,5,0,0,0,17,18,94.4,17,1,12,21,57.1,9,Matches
111,Raphael Framberger\Raphael-Framberger,de GER,DF,Augsburg,3.8,1,0,0,6,4,1,6,11,6,0,1,0,3,7,42.9,4,0,22,29,75.9,7,Matches
112,Mike Frantz\Mike-Frantz,de GER,FWMF,Freiburg,2.7,2,0,0,6,5,0,5,2,0,0,0,0,0,0,,0,0,2,2,100.0,0,Matches
113,Marco Friedl\Marco-Friedl,at AUT,DF,Werder Bremen,12.2,3,0,0,15,20,0,22,25,12,0,0,0,3,7,42.9,3,0,40,54,74.1,14,Matches
114,Marvin Friedrich\Marvin-Friedrich,de GER,DF,Union Berlin,16.0,4,0,0,21,10,0,0,19,21,0,0,0,2,4,50.0,2,0,28,41,68.3,13,Matches
115,Niclas Füllkrug\Niclas-Fullkrug,de GER,FW,Werder Bremen,3.2,1,0,0,8,6,2,1,1,1,0,0,0,2,4,50.0,2,0,1,1,100.0,0,Matches
116,Mijat Gaćinović\Mijat-Gacinovic,rs SRB,MF,Eint Frankfurt,4.4,0,0,0,7,12,0,5,6,9,0,0,0,6,13,46.2,7,2,9,18,50.0,9,Matches
117,Theodor Gebre Selassie\Theodor-Gebre-Selassie,cz CZE,DFMF,Werder Bremen,14.5,1,0,0,9,13,2,15,17,45,1,0,0,3,9,33.3,4,0,24,37,64.9,13,Matches
118,Dennis Geiger\Dennis-Geiger,de GER,MF,Hoffenheim,9.7,2,0,0,15,10,0,35,9,4,0,0,0,6,8,75.0,7,0,12,22,54.5,10,Matches
119,Christian Gentner\Christian-Gentner,de GER,MF,Union Berlin,14.4,2,0,0,18,25,3,10,13,19,1,0,0,8,11,72.7,8,0,28,62,45.2,34,Matches
120,Yannick Gerhardt\Yannick-Gerhardt,de GER,MF,Wolfsburg,4.6,1,0,0,4,13,1,9,9,5,0,0,0,3,7,42.9,3,0,15,23,65.2,8,Matches
121,Niko Gießelmann\Niko-Giesselmann,de GER,DF,Düsseldorf,15.0,3,0,0,15,27,0,70,17,17,0,0,0,8,12,66.7,8,1,35,58,60.3,23,Matches
122,Rafał Gikiewicz\Rafal-Gikiewicz,pl POL,GK,Union Berlin,17.0,0,0,0,1,3,0,0,0,1,0,1,0,0,0,,0,0,0,1,0.0,1,Matches
123,Daniel Ginczek\Daniel-Ginczek,de GER,FW,Wolfsburg,0.2,0,0,0,0,1,0,0,0,0,0,0,0,0,0,,0,0,0,0,,0,Matches
124,Matthias Ginter\Matthias-Ginter,de GER,DFMF,M'gladbach,13.9,0,0,0,5,10,0,3,6,14,0,0,0,4,4,100.0,4,0,13,22,59.1,9,Matches
125,Klaus Gjasula\Klaus-Gjasula,al ALB,MF,Paderborn 07,14.6,8,0,0,31,6,0,1,28,16,0,0,0,13,13,100.0,13,0,42,70,60.0,28,Matches
126,Serge Gnabry\Serge-Gnabry,de GER,FWMF,Bayern Munich,12.8,0,0,0,6,17,9,42,15,4,0,0,0,30,56,53.6,33,2,23,37,62.2,14,Matches
127,Akaki Gogia\Akaki-Gogia,de GER,FWMF,Union Berlin,1.3,0,0,0,2,3,0,2,1,1,0,0,0,6,9,66.7,6,0,2,5,40.0,3,Matches
128,Benjamin Goller\Benjamin-Goller,de GER,MF,Werder Bremen,3.0,0,0,0,4,5,0,3,6,1,0,0,0,11,22,50.0,13,2,9,16,56.3,7,Matches
129,Jérôme Gondorf\Jerome-Gondorf,de GER,MF,Freiburg,1.4,1,0,0,4,2,0,0,5,1,0,0,0,4,5,80.0,4,1,10,12,83.3,2,Matches
130,Leon Goretzka\Leon-Goretzka,de GER,MF,Bayern Munich,4.1,1,0,0,5,7,0,2,2,2,0,0,0,2,5,40.0,2,0,3,8,37.5,5,Matches
131,Mario Götze\Mario-Gotze,de GER,MF,Dortmund,5.4,0,0,0,5,11,4,7,8,2,0,0,0,4,11,36.4,4,0,13,17,76.5,4,Matches
132,Jeffrey Gouweleeuw\Jeffrey-Gouweleeuw,nl NED,DF,Augsburg,6.1,0,0,0,4,1,1,1,4,14,0,0,0,1,2,50.0,1,0,6,11,54.5,5,Matches
133,Michael Gregoritsch\Michael-Gregoritsch,at AUT,FW,Augsburg,3.4,0,0,0,3,3,1,1,3,3,0,0,0,2,4,50.0,2,0,4,11,36.4,7,Matches
134,Vincenzo Grifo\Vincenzo-Grifo,it ITA,MF,Hoffenheim,0.2,0,0,0,0,0,0,1,0,0,0,0,0,0,1,0.0,0,0,0,0,,0,Matches
135,Vincenzo Grifo\Vincenzo-Grifo,it ITA,MF,Freiburg,5.2,1,1,0,5,5,2,34,3,4,0,0,0,9,16,56.3,9,0,5,14,35.7,9,Matches
136,Florian Grillitsch\Florian-Grillitsch,at AUT,MF,Hoffenheim,13.4,1,0,0,11,24,0,5,25,20,0,0,0,15,20,75.0,15,0,34,48,70.8,14,Matches
137,Christian Groß\Christian-Gross,de GER,MF,Werder Bremen,8.0,2,0,0,12,7,0,1,7,15,0,0,0,4,4,100.0,4,0,16,21,76.2,5,Matches
138,Carlos Gruezo\Carlos-Gruezo,ec ECU,MF,Augsburg,1.8,0,0,0,1,1,0,0,2,1,0,0,0,1,2,50.0,1,0,2,4,50.0,2,Matches
139,Marko Grujić\Marko-Grujic,rs SRB,MF,Hertha BSC,14.3,5,0,0,32,14,0,4,11,15,0,1,0,21,25,84.0,21,2,24,46,52.2,22,Matches
140,Raphaël Guerreiro\Raphael-Guerreiro,pt POR,DFMF,Dortmund,9.8,0,0,0,5,8,0,31,6,15,0,0,0,18,31,58.1,19,2,14,22,63.6,8,Matches
141,Babacar Guèye\Babacar-Gueye,sn SEN,FW,Paderborn 07,1.2,0,0,0,4,1,1,0,0,0,0,0,0,2,3,66.7,2,0,2,3,66.7,1,Matches
142,Josuha Guilavogui\Josuha-Guilavogui,fr FRA,MF,Wolfsburg,17.0,3,0,0,25,11,4,6,23,32,0,1,0,14,19,73.7,15,0,38,60,63.3,22,Matches
143,Péter Gulácsi\Peter-Gulacsi,hu HUN,GK,RB Leipzig,16.0,0,0,0,1,1,0,0,0,0,0,0,0,1,1,100.0,1,0,0,0,,0,Matches
144,Manuel Gulde\Manuel-Gulde,de GER,DF,Freiburg,4.8,0,0,0,2,0,0,3,8,11,0,0,0,3,3,100.0,3,0,13,18,72.2,5,Matches
145,Christian Günter\Christian-Gunter,de GER,DF,Freiburg,17.0,1,0,0,7,11,1,140,11,8,0,0,0,12,23,52.2,13,1,18,39,46.2,21,Matches
146,Jonathan de Guzmán\Jonathan-de-Guzman,nl NED,MF,Eint Frankfurt,0.1,0,0,0,0,0,0,1,0,1,0,0,0,0,0,,0,0,0,1,0.0,1,Matches
147,Janik Haberer\Janik-Haberer,de GER,FWMF,Freiburg,13.0,3,1,1,20,28,0,7,15,16,0,0,0,10,15,66.7,11,0,24,49,49.0,25,Matches
148,Alexander Hack\Alexander-Hack,de GER,DF,Mainz 05,5.2,1,0,0,4,8,0,0,9,16,0,0,0,3,5,60.0,3,0,17,23,73.9,6,Matches
149,André Hahn\Andre-Hahn,de GER,MF,Augsburg,4.9,4,1,1,17,3,5,10,5,7,0,0,0,5,8,62.5,6,1,13,27,48.1,14,Matches
150,Amadou Haidara\Amadou-Haidara,ml MLI,MF,RB Leipzig,4.5,0,0,0,10,2,1,4,11,5,0,1,0,6,10,60.0,6,0,15,25,60.0,10,Matches
151,Achraf Hakimi\Achraf-Hakimi,ma MAR,DF,Dortmund,15.0,3,0,0,15,26,1,55,13,18,0,0,0,41,71,57.7,44,4,25,52,48.1,27,Matches
152,Marcel Halstenberg\Marcel-Halstenberg,de GER,DF,RB Leipzig,12.8,3,0,0,5,6,1,42,11,16,0,0,0,15,22,68.2,15,1,30,54,55.6,24,Matches
153,Amine Harit\Amine-Harit,ma MAR,MF,Schalke 04,16.4,2,0,0,17,54,5,8,8,2,1,0,0,42,59,71.2,44,1,12,26,46.2,14,Matches
154,Martin Harnik\Martin-Harnik,at AUT,FWMF,Werder Bremen,0.1,1,0,0,2,0,1,0,0,0,0,0,0,0,0,,0,0,0,0,,0,Matches
155,Makoto Hasebe\Makoto-Hasebe,jp JPN,MF,Eint Frankfurt,13.0,2,0,0,2,15,0,2,7,15,0,1,0,1,1,100.0,1,0,13,23,56.5,10,Matches
156,Kai Havertz\Kai-Havertz,de GER,MF,Bayer,13.0,2,0,0,10,13,3,14,9,3,0,0,0,27,63,42.9,30,1,11,27,40.7,16,Matches
157,Thorgan Hazard\Thorgan-Hazard,be BEL,MF,Dortmund,13.0,1,0,0,18,27,3,86,22,9,0,0,0,33,57,57.9,36,1,26,43,60.5,17,Matches
158,Jonas Hector\Jonas-Hector,de GER,DF,Köln,15.3,5,0,0,10,25,1,20,25,24,0,0,0,7,12,58.3,7,1,43,66,65.2,23,Matches
159,Dominique Heintz\Dominique-Heintz,de GER,DF,Freiburg,14.0,1,0,0,8,8,0,5,23,16,0,1,0,10,11,90.9,10,0,38,48,79.2,10,Matches
160,Rouwen Hennings\Rouwen-Hennings,de GER,FWMF,Düsseldorf,14.9,2,0,0,15,17,6,12,2,1,0,1,0,6,16,37.5,8,2,4,9,44.4,5,Matches
161,Lucas Hernández\Lucas-Hernandez,fr FRA,DF,Bayern Munich,5.4,2,0,0,7,12,0,3,3,7,0,1,0,6,6,100.0,6,0,8,14,57.1,6,Matches
162,Patrick Herrmann\Patrick-Herrmann,de GER,FWMF,M'gladbach,8.8,3,0,0,18,9,7,35,16,3,1,0,0,9,14,64.3,11,0,24,31,77.4,7,Matches
163,Martin Hinteregger\Martin-Hinteregger,at AUT,DFMF,Eint Frankfurt,15.0,5,0,0,15,15,1,12,19,16,0,0,0,3,11,27.3,5,0,27,41,65.9,14,Matches
164,Marwin Hitz\Marwin-Hitz,ch SUI,GK,Dortmund,3.2,0,0,0,0,1,0,0,0,0,0,0,0,0,0,,0,0,0,0,,0,Matches
165,André Hoffmann\Andre-Hoffmann,de GER,DFMF,Düsseldorf,12.0,2,0,0,7,3,1,1,13,21,0,0,0,2,2,100.0,2,0,23,38,60.5,15,Matches
166,Nicolas Höfler\Nicolas-Hofler,de GER,MF,Freiburg,15.7,5,0,0,27,16,0,1,27,34,1,0,0,21,24,87.5,21,2,45,72,62.5,27,Matches
167,Jonas Hofmann\Jonas-Hofmann,de GER,MF,M'gladbach,4.6,2,0,0,2,3,1,15,8,9,0,0,0,3,9,33.3,5,0,14,29,48.3,15,Matches
168,Marco Höger\Marco-Hoger,de GER,DFMF,Köln,5.6,2,0,0,9,3,0,2,3,4,0,0,0,5,10,50.0,8,0,5,14,35.7,9,Matches
169,Lucas Höler\Lucas-Holer,de GER,FW,Freiburg,13.7,1,0,0,20,34,5,8,10,6,1,0,0,17,31,54.8,17,0,17,40,42.5,23,Matches
170,Gerrit Holtmann\Gerrit-Holtmann,de GER,MF,Paderborn 07,6.2,1,0,0,9,2,0,23,5,4,0,0,0,12,33,36.4,16,3,7,18,38.9,11,Matches
171,Timo Horn\Timo-Horn,de GER,GK,Köln,17.0,0,0,0,0,2,0,0,0,2,0,0,0,0,0,,0,0,0,3,0.0,3,Matches
172,Lukáš Hrádecký\Lukas-Hradecky,fi FIN,GK,Bayer,17.0,1,0,0,0,1,0,0,0,2,0,0,0,0,0,,0,0,0,0,,0,Matches
173,Benjamin Hübner\Benjamin-Hubner,de GER,DF,Hoffenheim,9.6,1,0,0,7,16,0,1,9,14,0,0,0,1,2,50.0,1,0,19,28,67.9,9,Matches
174,Florian Hübner\Florian-Hubner,de GER,DF,Union Berlin,4.2,1,0,0,7,6,1,1,2,7,0,0,0,0,0,,0,0,6,13,46.2,7,Matches
175,Mats Hummels\Mats-Hummels,de GER,DF,Dortmund,13.7,5,1,1,18,5,1,3,20,26,0,0,1,0,0,,0,0,29,43,67.4,14,Matches
176,Uwe Hünemeier\Uwe-Hunemeier,de GER,DF,Paderborn 07,6.0,2,0,0,7,0,0,0,12,11,0,0,0,1,1,100.0,1,0,16,25,64.0,9,Matches
177,Jannik Huth\Jannik-Huth,de GER,GK,Paderborn 07,6.0,0,0,0,0,0,0,0,0,0,0,0,0,0,0,,0,0,0,3,0.0,3,Matches
178,Iago\Iago,br BRA,,Augsburg,4.3,0,0,0,4,4,0,5,2,10,0,0,0,2,3,66.7,2,0,9,15,60.0,6,Matches
179,Vedad Ibišević\Vedad-Ibisevic,ba BIH,FW,Hertha BSC,7.5,4,0,0,8,8,5,0,0,0,0,0,0,4,9,44.4,4,2,1,3,33.3,2,Matches
180,Luc Ihorst\Luc-Ihorst,de GER,FW,Werder Bremen,0.1,0,0,0,0,0,0,0,1,0,0,0,0,0,0,,0,0,1,1,100.0,0,Matches
181,Stefan Ilsanker\Stefan-Ilsanker,at AUT,MF,RB Leipzig,4.6,2,0,0,4,2,0,1,3,6,0,0,0,1,2,50.0,1,0,3,6,50.0,3,Matches
182,Marcus Ingvartsen\Marcus-Ingvartsen,dk DEN,FW,Union Berlin,10.5,3,0,0,32,10,0,12,8,8,0,0,0,15,23,65.2,16,0,12,25,48.0,13,Matches
183,Ismail Jakobs\Ismail-Jakobs,de GER,DF,Köln,6.0,1,0,0,5,3,4,18,14,10,0,0,0,4,8,50.0,6,1,19,24,79.2,5,Matches
184,Laurent Jans\Laurent-Jans,lu LUX,DFMF,Paderborn 07,7.3,0,0,0,2,2,0,13,10,15,0,0,0,4,6,66.7,4,0,17,35,48.6,18,Matches
185,Tony Jantschke\Tony-Jantschke,de GER,DFMF,M'gladbach,7.4,3,0,0,11,1,0,4,11,19,0,0,0,0,0,,0,0,25,35,71.4,10,Matches
186,Rune Jarstein\Rune-Jarstein,no NOR,GK,Hertha BSC,14.3,0,1,0,0,3,0,0,0,0,0,0,0,1,1,100.0,1,0,0,2,0.0,2,Matches
187,Tin Jedvaj\Tin-Jedvaj,hr CRO,DF,Augsburg,15.7,2,0,0,8,7,0,3,14,28,0,0,0,2,3,66.7,2,0,21,39,53.8,18,Matches
188,Fredrik Jensen\Fredrik-Jensen,fi FIN,MF,Augsburg,3.6,0,0,0,1,3,4,5,1,0,0,0,0,4,7,57.1,4,0,1,4,25.0,3,Matches
189,Fabian Johnson\Fabian-Johnson,us USA,DFMF,M'gladbach,2.0,0,0,0,1,2,2,1,2,1,0,0,0,0,2,0.0,1,0,3,4,75.0,1,Matches
190,Dejan Joveljić\Dejan-Joveljic,rs SRB,FW,Eint Frankfurt,1.6,1,0,0,4,1,2,1,3,0,0,0,0,1,2,50.0,1,0,3,6,50.0,3,Matches
191,Ozan Kabak\Ozan-Kabak,tr TUR,DF,Schalke 04,8.2,0,0,0,10,4,0,0,11,15,0,1,0,4,5,80.0,5,0,21,28,75.0,7,Matches
192,Pavel Kadeřábek\Pavel-Kaderabek,cz CZE,DFMF,Hoffenheim,15.3,2,0,0,21,19,6,47,13,14,0,0,1,2,6,33.3,2,0,17,30,56.7,13,Matches
193,Florian Kainz\Florian-Kainz,at AUT,MF,Köln,7.0,2,0,0,8,17,0,82,3,3,0,0,0,12,27,44.4,14,3,9,18,50.0,9,Matches
194,Salomon Kalou\Salomon-Kalou,ci CIV,FW,Hertha BSC,1.6,0,0,0,4,0,2,1,3,0,0,0,0,1,4,25.0,1,0,3,6,50.0,3,Matches
195,Daichi Kamada\Daichi-Kamada,jp JPN,MF,Eint Frankfurt,11.9,2,0,0,15,25,5,64,10,3,0,0,0,23,38,60.5,24,0,14,28,50.0,14,Matches
196,Kevin Kampl\Kevin-Kampl,si SVN,MF,RB Leipzig,2.2,0,0,0,3,0,1,1,6,4,0,0,0,6,6,100.0,6,0,6,10,60.0,4,Matches
197,Kenan Karaman\Kenan-Karaman,tr TUR,FW,Düsseldorf,4.8,1,0,0,3,8,1,2,3,1,0,0,0,9,13,69.2,10,0,4,6,66.7,2,Matches
198,Noah Katterbach\Noah-Katterbach,de GER,MF,Köln,7.0,2,0,0,3,11,0,12,11,16,0,0,0,18,26,69.2,18,0,14,22,63.6,8,Matches
199,Jonjoe Kenny\Jonjoe-Kenny,eng ENG,DFFW,Schalke 04,16.9,3,0,0,17,3,4,37,20,18,0,1,0,9,12,75.0,10,0,30,47,63.8,17,Matches
200,Rani Khedira\Rani-Khedira,de GER,MF,Augsburg,14.7,5,0,0,22,17,0,5,20,18,0,0,0,1,3,33.3,1,0,36,60,60.0,24,Matches
201,Luca Kilian\Luca-Kilian,de GER,DF,Paderborn 07,12.0,1,0,0,6,5,1,1,19,10,0,0,0,2,2,100.0,2,0,31,50,62.0,19,Matches
202,Joshua Kimmich\Joshua-Kimmich,de GER,MF,Bayern Munich,16.6,5,0,0,10,27,3,127,26,18,0,0,0,15,27,55.6,17,0,33,72,45.8,39,Matches
203,Davy Klaassen\Davy-Klaassen,nl NED,MF,Werder Bremen,17.0,3,0,0,16,17,0,6,22,18,2,0,0,7,12,58.3,8,0,31,51,60.8,20,Matches
204,Felix Klaus\Felix-Klaus,de GER,FWMF,Wolfsburg,5.1,0,0,0,8,17,2,11,12,0,1,0,0,4,9,44.4,5,1,20,29,69.0,9,Matches
205,Lukas Klostermann\Lukas-Klostermann,de GER,DF,RB Leipzig,15.2,0,0,0,8,11,0,20,15,17,0,0,0,15,20,75.0,15,0,27,38,71.1,11,Matches
206,Lukas Klünter\Lukas-Klunter,de GER,MF,Hertha BSC,15.0,2,0,0,25,25,1,27,19,23,0,0,0,13,29,44.8,13,1,39,48,81.3,9,Matches
207,Robin Knoche\Robin-Knoche,de GER,DF,Wolfsburg,10.2,2,0,0,6,5,3,3,14,11,0,0,0,5,6,83.3,6,0,24,39,61.5,15,Matches
208,Robin Koch\Robin-Koch,de GER,DF,Freiburg,17.0,2,0,0,16,16,0,4,14,24,0,0,0,2,3,66.7,3,1,22,33,66.7,11,Matches
209,Dominik Kohr\Dominik-Kohr,de GER,MF,Eint Frankfurt,7.3,2,1,0,20,8,0,5,15,13,0,0,0,9,15,60.0,9,0,21,39,53.8,18,Matches
210,Ibrahima Konaté\Ibrahima-Konate,fr FRA,DF,RB Leipzig,5.0,2,0,0,4,4,0,4,5,7,0,0,0,4,4,100.0,4,1,10,17,58.8,7,Matches
211,Pascal Köpke\Pascal-Kopke,de GER,FW,Hertha BSC,0.4,0,0,0,2,1,1,1,0,0,0,0,0,0,0,,0,0,0,0,,0,Matches
212,Filip Kostić\Filip-Kostic,rs SRB,MF,Eint Frankfurt,15.9,2,0,0,17,19,2,191,21,16,0,0,0,52,87,59.8,54,3,32,55,58.2,23,Matches
213,Tomáš Koubek\Tomas-Koubek,cz CZE,GK,Augsburg,17.0,2,0,0,0,2,0,0,0,0,0,0,0,1,1,100.0,1,0,0,6,0.0,6,Matches
214,Dawid Kownacki\Dawid-Kownacki,pl POL,FWMF,Düsseldorf,10.5,2,0,0,14,23,0,12,11,7,0,0,0,27,51,52.9,28,1,14,23,60.9,9,Matches
215,Thomas Kraft\Thomas-Kraft,de GER,GK,Hertha BSC,2.0,1,0,0,0,1,0,0,0,1,0,0,0,0,0,,0,0,0,0,,0,Matches
216,Andrej Kramarić\Andrej-Kramaric,hr CRO,FW,Hoffenheim,7.5,1,0,0,3,10,4,12,0,1,0,0,0,12,14,85.7,12,0,1,4,25.0,3,Matches
217,Christoph Kramer\Christoph-Kramer,de GER,MF,M'gladbach,7.8,2,0,0,12,10,1,4,17,8,0,0,0,8,9,88.9,8,0,23,44,52.3,21,Matches
218,Felix Kroos\Felix-Kroos,de GER,DFFW,Union Berlin,1.9,1,0,0,5,0,0,0,6,2,0,0,0,0,0,,0,0,9,14,64.3,5,Matches
219,Lukas Kübler\Lukas-Kubler,de GER,DF,Freiburg,1.0,0,0,0,1,0,0,2,0,0,0,0,0,2,2,100.0,2,1,0,1,0.0,1,Matches
220,Pierre Kunde\Pierre-Kunde,cm CMR,,Mainz 05,13.4,4,0,0,17,7,0,14,19,21,0,1,0,27,33,81.8,28,1,28,53,52.8,25,Matches
221,Ahmed Kutucu\Ahmed-Kutucu,tr TUR,FW,Schalke 04,2.0,1,0,0,5,2,0,1,4,1,0,0,0,8,12,66.7,8,0,4,5,80.0,1,Matches
222,Konrad Laimer\Konrad-Laimer,at AUT,MF,RB Leipzig,12.8,5,1,1,34,9,0,1,26,19,0,0,0,18,26,69.2,22,0,54,93,58.1,39,Matches
223,Stefan Lainer\Stefan-Lainer,at AUT,DF,M'gladbach,14.1,4,0,0,23,12,0,59,18,16,0,0,0,18,40,45.0,20,1,29,44,65.9,15,Matches
224,Michael Lang\Michael-Lang,ch SUI,DF,Werder Bremen,5.9,0,0,0,5,3,1,17,5,7,0,0,0,2,3,66.7,2,0,8,15,53.3,7,Matches
225,Sebastian Langkamp\Sebastian-Langkamp,de GER,DF,Werder Bremen,2.0,1,0,0,3,4,0,0,1,2,0,0,0,1,1,100.0,1,0,1,2,50.0,1,Matches
226,Danny Latza\Danny-Latza,de GER,MF,Mainz 05,6.0,2,0,0,21,7,0,4,5,8,0,0,0,5,10,50.0,6,1,10,25,40.0,15,Matches
227,Mathew Leckie\Mathew-Leckie,au AUS,FWMF,Hertha BSC,1.3,0,0,0,3,1,0,1,4,1,0,0,0,1,1,100.0,1,0,4,4,100.0,0,Matches
228,Christopher Lenz\Christopher-Lenz,de GER,DF,Union Berlin,15.5,1,0,0,20,12,0,42,21,23,0,0,0,15,26,57.7,16,1,38,63,60.3,25,Matches
229,Robert Lewandowski\Robert-Lewandowski,pl POL,FW,Bayern Munich,16.7,4,0,0,18,27,10,10,8,3,1,0,0,35,57,61.4,40,1,13,20,65.0,7,Matches
230,Stephan Lichtsteiner\Stephan-Lichtsteiner,ch SUI,DFMF,Augsburg,11.3,4,1,1,9,17,1,23,7,13,0,0,1,3,7,42.9,4,0,19,29,65.5,10,Matches
231,Philipp Lienhart\Philipp-Lienhart,at AUT,DF,Freiburg,11.0,2,0,0,6,17,0,4,5,17,0,0,0,3,3,100.0,3,0,11,19,57.9,8,Matches
232,Jürgen Locadia\Jurgen-Locadia,nl NED,FW,Hoffenheim,5.8,1,0,0,7,8,6,4,4,0,0,0,0,2,4,50.0,2,0,6,9,66.7,3,Matches
233,Ademola Lookman\Ademola-Lookman,eng ENG,FW,RB Leipzig,1.5,0,0,0,1,3,0,6,0,0,0,0,0,4,7,57.1,4,0,0,0,,0,Matches
234,Eduard Löwen\Eduard-Lowen,de GER,DF,Hertha BSC,3.4,0,0,0,4,2,0,2,6,5,0,0,0,11,13,84.6,12,0,9,14,64.3,5,Matches
235,Dodi Lukebakio\Dodi-Lukebakio,cd COD,MF,Hertha BSC,11.8,0,0,0,15,14,2,28,5,7,0,0,0,31,45,68.9,32,2,9,18,50.0,9,Matches
236,Arne Maier\Arne-Maier,de GER,MF,Hertha BSC,0.2,0,0,0,0,0,0,0,0,0,0,0,0,0,0,,0,0,0,1,0.0,1,Matches
237,Streli Mamba\Streli-Mamba,de GER,FW,Paderborn 07,10.4,3,0,0,23,19,6,1,3,4,1,0,0,8,14,57.1,10,0,5,10,50.0,5,Matches
238,Aarón Martín\Aaron-Martin,es ESP,DF,Mainz 05,14.7,0,0,0,12,10,1,89,9,20,0,0,0,19,30,63.3,21,0,15,26,57.7,11,Matches
239,Javi Martínez\Javi-Martinez,es ESP,DFMF,Bayern Munich,6.2,5,1,1,11,4,1,0,7,16,0,1,0,2,2,100.0,2,0,12,18,66.7,6,Matches
240,Omar Mascarell\Omar-Mascarell,es ESP,MF,Schalke 04,16.5,3,0,0,21,14,0,4,33,43,0,0,0,8,9,88.9,8,1,53,86,61.6,33,Matches
241,Jean-Philippe Mateta\Jean-Philippe-Mateta,fr FRA,FW,Mainz 05,0.6,0,0,0,0,1,3,0,0,0,0,0,0,1,1,100.0,1,0,0,0,,0,Matches
242,Rabbi Matondo\Rabbi-Matondo,wal WAL,FW,Schalke 04,4.7,0,0,0,7,7,9,4,2,2,0,0,0,7,16,43.8,8,0,6,10,60.0,4,Matches
243,Philipp Max\Philipp-Max,de GER,DF,Augsburg,14.8,3,0,0,8,9,1,110,9,16,0,0,0,0,1,0.0,0,0,16,28,57.1,12,Matches
244,Alexandru Maxim\Alexandru-Maxim,ro ROU,MF,Mainz 05,1.2,1,0,0,3,0,0,13,1,1,0,0,0,6,8,75.0,6,0,3,5,60.0,2,Matches
245,Kevin Mbabu\Kevin-Mbabu,ch SUI,DF,Wolfsburg,4.1,1,0,0,3,1,0,11,15,7,0,0,0,13,20,65.0,14,0,20,28,71.4,8,Matches
246,Weston McKennie\Weston-McKennie,us USA,MF,Schalke 04,9.9,4,0,0,16,6,0,2,11,17,0,1,0,8,16,50.0,9,0,20,36,55.6,16,Matches
247,Joshua Mees\Joshua-Mees,de GER,FW,Union Berlin,1.7,1,0,0,2,1,0,3,2,2,0,0,0,0,1,0.0,0,0,2,7,28.6,5,Matches
248,Admir Mehmedi\Admir-Mehmedi,ch SUI,FWMF,Wolfsburg,5.9,0,0,0,16,8,4,14,3,3,0,0,0,5,9,55.6,5,0,6,13,46.2,7,Matches
249,Münir Mercan\Munir-Mercan,de GER,MF,Schalke 04,0.0,0,0,0,0,0,0,1,0,0,0,0,0,0,0,,0,0,0,0,,0,Matches
250,Jorge Meré\Jorge-Mere,es ESP,DF,Köln,3.2,2,1,0,4,5,0,0,4,8,0,0,0,0,0,,0,0,6,7,85.7,1,Matches
251,Sven Michel\Sven-Michel,de GER,FW,Paderborn 07,9.0,2,0,0,17,8,8,13,4,5,0,0,0,10,28,35.7,14,0,10,20,50.0,10,Matches
252,Juan Miranda\Juan-Miranda,es ESP,,Schalke 04,2.9,0,0,0,2,3,1,6,1,3,0,1,0,2,2,100.0,2,0,6,14,42.9,8,Matches
253,Maximilian Mittelstädt\Maximilian-Mittelstadt,de GER,DF,Hertha BSC,10.2,2,0,0,13,10,0,29,21,15,0,0,0,8,14,57.1,8,1,33,53,62.3,20,Matches
254,Anthony Modeste\Anthony-Modeste,fr FRA,FW,Köln,7.3,1,0,0,13,10,5,4,1,0,0,0,0,5,6,83.3,6,0,4,8,50.0,4,Matches
255,Kevin Möhwald\Kevin-Mohwald,de GER,MF,Werder Bremen,0.8,0,0,0,2,1,0,2,1,0,0,0,0,0,0,,0,0,2,3,66.7,1,Matches
256,Niklas Moisander\Niklas-Moisander,fi FIN,DF,Werder Bremen,6.0,2,0,0,8,7,0,0,2,8,0,0,0,1,3,33.3,2,1,5,10,50.0,5,Matches
257,Alfredo Morales\Alfredo-Morales,us USA,DFMF,Düsseldorf,10.4,6,0,0,19,13,2,9,17,11,1,0,0,16,23,69.6,16,0,21,36,58.3,15,Matches
258,Jan Morávek\Jan-Moravek,cz CZE,FWMF,Augsburg,5.0,1,0,0,11,3,0,0,12,8,0,0,0,9,10,90.0,9,0,18,40,45.0,22,Matches
259,Nordi Mukiele\Nordi-Mukiele,fr FRA,DF,RB Leipzig,8.3,0,0,0,3,9,1,13,14,23,0,0,0,7,17,41.2,8,0,25,33,75.8,8,Matches
260,Florian Müller\Florian-Muller,de GER,GK,Mainz 05,3.0,0,0,0,0,0,0,0,0,2,0,0,0,0,0,,0,0,0,0,,0,Matches
261,Thomas Müller\Thomas-Muller,de GER,FWMF,Bayern Munich,10.7,3,0,0,7,13,3,39,24,7,0,0,0,9,20,45.0,12,0,29,55,52.7,26,Matches
262,Yvon Mvogo\Yvon-Mvogo,ch SUI,GK,RB Leipzig,1.0,0,0,0,0,0,0,0,0,0,0,0,0,0,0,,0,0,0,0,,0,Matches
263,Obite N'Dicka\Obite-NDicka,fr FRA,,Eint Frankfurt,7.0,1,0,0,6,5,0,1,7,10,0,0,0,13,16,81.3,14,0,15,22,68.2,7,Matches
264,Matija Nastasić\Matija-Nastasic,rs SRB,DF,Schalke 04,4.2,1,0,0,6,1,0,0,7,12,0,1,0,0,0,,0,0,13,13,100.0,0,Matches
265,Manuel Neuer\Manuel-Neuer,de GER,GK,Bayern Munich,17.0,0,0,0,0,2,0,0,0,0,0,0,0,1,1,100.0,1,0,0,0,,0,Matches
266,Florian Neuhaus\Florian-Neuhaus,de GER,MF,M'gladbach,11.7,3,0,0,13,20,1,23,9,10,0,0,0,23,31,74.2,26,1,17,39,43.6,22,Matches
267,Moussa Niakhate\Moussa-Niakhate,fr FRA,DFFW,Mainz 05,16.0,5,0,0,26,9,0,3,24,22,0,0,0,2,2,100.0,2,0,32,38,84.2,6,Matches
268,Florian Niederlechner\Florian-Niederlechner,de GER,FW,Augsburg,16.2,1,0,0,27,35,16,9,14,5,2,0,1,18,35,51.4,22,3,18,26,69.2,8,Matches
269,Christopher Nkunku\Christopher-Nkunku,fr FRA,MF,RB Leipzig,9.5,1,0,0,16,15,2,58,10,7,1,0,0,30,55,54.5,33,0,13,23,56.5,10,Matches
270,Lukas Nmecha\Lukas-Nmecha,de GER,FW,Wolfsburg,1.4,1,0,0,3,5,1,1,0,0,0,0,0,6,9,66.7,6,0,0,1,0.0,1,Matches
271,Håvard Nordtveit\Havard-Nordtveit,no NOR,DFMF,Hoffenheim,1.6,0,0,0,0,3,0,0,0,8,0,0,0,2,2,100.0,2,0,0,1,0.0,1,Matches
272,Alexander Nübel\Alexander-Nubel,de GER,GK,Schalke 04,14.7,1,1,0,1,3,0,0,0,2,0,0,0,0,0,,0,0,0,0,,0,Matches
273,Kasim Nuhu\Kasim-Nuhu,gh GHA,DF,Düsseldorf,10.1,0,0,0,7,9,0,0,14,22,0,0,0,11,13,84.6,11,0,21,27,77.8,6,Matches
274,Bastian Oczipka\Bastian-Oczipka,de GER,DFMF,Schalke 04,17.0,1,0,0,12,16,0,74,17,17,0,1,0,19,31,61.3,19,4,34,46,73.9,12,Matches
275,Cauly Oliveira Souza\Cauly-Oliveira-Souza,br BRA,MF,Paderborn 07,8.0,0,0,0,9,14,1,39,6,6,0,0,0,19,30,63.3,22,2,9,14,64.3,5,Matches
276,Karim Onisiwo\Karim-Onisiwo,at AUT,FW,Mainz 05,8.5,2,0,0,19,30,6,6,7,2,0,0,0,25,33,75.8,25,0,9,13,69.2,4,Matches
277,Willi Orban\Willi-Orban,hu HUN,DF,RB Leipzig,9.0,0,0,0,6,10,2,0,16,13,0,0,0,3,4,75.0,4,0,20,28,71.4,8,Matches
278,Yuya Osako\Yuya-Osako,jp JPN,FW,Werder Bremen,10.5,1,0,0,13,20,3,5,7,1,1,0,0,14,21,66.7,14,0,9,15,60.0,6,Matches
279,Paulo Otávio\Paulo-Otavio,br BRA,DF,Wolfsburg,0.3,1,0,0,1,0,0,0,0,2,0,0,0,0,1,0.0,0,0,0,0,,0,Matches
280,Reece Oxford\Reece-Oxford,eng ENG,DF,Augsburg,3.5,0,0,0,0,5,0,0,6,4,0,0,0,0,0,,0,0,6,12,50.0,6,Matches
281,Levin Öztunalı\Levin-Oztunali,de GER,MF,Mainz 05,10.7,1,0,0,15,10,4,24,9,5,1,0,0,22,36,61.1,24,2,13,33,39.4,20,Matches
282,Gonçalo Paciência\Goncalo-Paciencia,pt POR,FW,Eint Frankfurt,12.1,3,0,0,25,20,8,17,8,0,0,0,0,24,41,58.5,26,2,8,18,44.4,10,Matches
283,Michael Parensen\Michael-Parensen,de GER,DFMF,Union Berlin,4.6,2,0,0,11,8,0,2,4,11,0,0,0,3,3,100.0,3,0,8,14,57.1,6,Matches
284,Paulinho\Paulinho,br BRA,FW,Bayer,0.9,1,0,0,2,2,1,3,1,0,0,0,0,4,4,100.0,4,0,1,1,100.0,0,Matches
285,Benjamin Pavard\Benjamin-Pavard,fr FRA,DF,Bayern Munich,16.0,2,0,0,18,11,1,28,11,25,0,1,0,7,11,63.6,7,0,16,21,76.2,5,Matches
286,Jiří Pavlenka\Jiri-Pavlenka,cz CZE,GK,Werder Bremen,17.0,1,0,0,0,1,0,0,0,4,0,0,1,0,0,,0,0,0,1,0.0,1,Matches
287,Mads Pedersen\Mads-Pedersen,dk DEN,DF,Augsburg,1.1,0,0,0,0,0,0,4,2,2,0,0,0,1,5,20.0,2,0,5,9,55.6,4,Matches
288,Ivan Perišić\Ivan-Perisic,hr CRO,MF,Bayern Munich,7.8,1,0,0,13,5,6,43,6,3,0,0,0,10,17,58.8,10,0,11,28,39.3,17,Matches
289,Pavao Pervan\Pavao-Pervan,at AUT,GK,Wolfsburg,8.0,0,0,0,0,1,1,0,0,0,0,0,0,0,0,,0,0,0,1,0.0,1,Matches
290,Nils Petersen\Nils-Petersen,de GER,FW,Freiburg,15.3,1,0,0,7,12,4,5,7,7,0,0,0,4,12,33.3,5,1,14,26,53.8,12,Matches
291,Ronaël Pierre-Gabriel\Ronael-Pierre-Gabriel,fr FRA,DF,Mainz 05,2.7,1,0,0,3,3,0,3,1,6,0,0,0,5,5,100.0,5,0,3,6,50.0,3,Matches
292,Łukasz Piszczek\Lukasz-Piszczek,pl POL,DFMF,Dortmund,8.6,1,0,0,8,3,0,21,13,11,0,0,0,6,13,46.2,8,1,18,23,78.3,5,Matches
293,Claudio Pizarro\Claudio-Pizarro,pe PER,FW,Werder Bremen,2.0,0,0,0,1,7,1,1,0,2,0,0,0,3,5,60.0,3,0,2,4,50.0,2,Matches
294,Marvin Plattenhardt\Marvin-Plattenhardt,de GER,DF,Hertha BSC,8.0,0,0,0,3,13,1,32,10,5,0,0,0,3,6,50.0,3,0,15,20,75.0,5,Matches
295,Alassane Pléa\Alassane-Plea,fr FRA,MF,M'gladbach,13.0,0,0,0,10,25,12,26,8,6,0,0,0,24,39,61.5,24,1,12,30,40.0,18,Matches
296,Thomas Pledl\Thomas-Pledl,de GER,MF,Düsseldorf,0.6,0,0,0,1,0,1,4,0,0,0,0,0,1,2,50.0,1,0,3,4,75.0,1,Matches
297,Joel Pohjanpalo\Joel-Pohjanpalo,fi FIN,FW,Bayer,0.0,0,0,0,0,0,0,0,0,0,0,0,0,0,0,,0,0,0,0,,0,Matches
298,Sebastian Polter\Sebastian-Polter,de GER,FW,Union Berlin,2.9,1,1,0,6,8,6,1,1,1,1,0,0,3,3,100.0,3,0,3,4,75.0,1,Matches
299,Stefan Posch\Stefan-Posch,at AUT,DF,Hoffenheim,12.1,6,0,0,20,11,0,8,23,19,0,1,0,4,7,57.1,5,0,47,66,71.2,19,Matches
300,Yussuf Poulsen\Yussuf-Poulsen,dk DEN,FW,RB Leipzig,9.2,2,0,0,24,21,0,6,7,1,1,0,0,11,21,52.4,11,0,8,20,40.0,12,Matches
301,Kai Pröger\Kai-Proger,de GER,,Paderborn 07,11.4,0,0,0,7,13,6,79,12,7,0,0,0,27,52,51.9,30,3,24,54,44.4,30,Matches
302,Grischa Prömel\Grischa-Promel,de GER,MF,Union Berlin,2.0,0,0,0,2,5,0,0,3,4,0,0,0,1,2,50.0,1,1,3,6,50.0,3,Matches
303,Robin Quaison\Robin-Quaison,se SWE,MF,Mainz 05,14.1,1,0,0,10,13,9,6,6,5,0,0,0,19,28,67.9,20,0,14,31,45.2,17,Matches
304,Raffael\Raffael,br BRA,FWMF,M'gladbach,0.5,0,0,0,1,3,0,3,0,0,0,0,0,3,3,100.0,3,0,0,1,0.0,1,Matches
305,Benito Raman\Benito-Raman,be BEL,FW,Schalke 04,8.6,1,0,0,11,5,10,6,2,4,0,0,0,10,22,45.5,11,1,5,15,33.3,10,Matches
306,Milot Rashica\Milot-Rashica,xk KVX,FWMF,Werder Bremen,12.3,2,0,0,15,21,5,59,7,2,0,0,0,38,54,70.4,40,1,12,23,52.2,11,Matches
307,Ante Rebić\Ante-Rebic,hr CRO,FWMF,Eint Frankfurt,1.0,1,0,0,5,1,1,0,0,1,0,0,0,1,2,50.0,1,0,0,0,,0,Matches
308,Daishawn Redan\Daishawn-Redan,nl NED,FW,Hertha BSC,0.2,0,0,0,0,0,0,0,0,0,0,0,0,1,2,50.0,2,0,0,1,0.0,1,Matches
309,Fabian Reese\Fabian-Reese,de GER,FW,Schalke 04,1.0,0,0,0,0,1,1,1,1,0,0,0,0,3,6,50.0,3,1,1,2,50.0,1,Matches
310,Ken Reichel\Ken-Reichel,de GER,DF,Union Berlin,1.5,0,0,0,0,4,0,6,4,4,0,0,0,0,1,0.0,0,0,4,6,66.7,2,Matches
311,Karim Rekik\Karim-Rekik,nl NED,DF,Hertha BSC,11.0,0,0,0,8,7,0,0,11,16,0,2,1,4,7,57.1,4,1,16,21,76.2,5,Matches
312,Panagiotis Retsos\Panagiotis-Retsos,gr GRE,DF,Bayer,1.3,0,0,0,1,0,0,0,0,2,0,0,0,1,1,100.0,1,0,5,12,41.7,7,Matches
313,Marco Reus\Marco-Reus,de GER,FWMF,Dortmund,14.1,1,0,0,16,14,5,14,18,7,0,0,0,25,48,52.1,28,2,27,40,67.5,13,Matches
314,Marco Richter\Marco-Richter,de GER,FW,Augsburg,10.5,1,0,0,18,19,2,21,6,13,0,0,0,23,52,44.2,28,3,15,46,32.6,31,Matches
315,Marcel Risse\Marcel-Risse,de GER,FWMF,Köln,1.3,1,0,0,3,0,0,16,0,0,0,0,0,1,2,50.0,1,0,1,1,100.0,0,Matches
316,Marlon Ritter\Marlon-Ritter,de GER,FW,Paderborn 07,0.6,2,0,0,2,2,0,5,0,1,0,0,0,1,1,100.0,1,1,1,2,50.0,1,Matches
317,Sebastian Rode\Sebastian-Rode,de GER,MF,Eint Frankfurt,8.5,1,0,0,13,9,1,6,14,8,0,0,0,7,10,70.0,7,0,21,40,52.5,19,Matches
318,Jérôme Roussillon\Jerome-Roussillon,fr FRA,DFMF,Wolfsburg,14.6,1,0,0,11,18,2,47,15,15,0,0,0,29,48,60.4,30,6,23,36,63.9,13,Matches
319,Sebastian Rudy\Sebastian-Rudy,de GER,MF,Hoffenheim,16.0,5,0,0,16,23,1,31,33,9,0,0,0,13,16,81.3,14,1,49,71,69.0,22,Matches
320,Lukas Rupp\Lukas-Rupp,de GER,MF,Hoffenheim,3.8,0,0,0,10,6,1,0,3,5,0,0,0,4,12,33.3,5,0,11,13,84.6,2,Matches
321,Julian Ryerson\Julian-Ryerson,no NOR,DF,Union Berlin,0.3,0,0,0,1,0,0,0,0,0,0,0,0,0,0,,0,0,0,0,,0,Matches
322,Frederik Rønnow\Frederik-Ronnow,dk DEN,GK,Eint Frankfurt,8.0,0,0,0,0,1,0,0,0,0,0,0,0,0,0,,0,0,0,1,0.0,1,Matches
323,João Victor Santos Sá\Joao-Victor-Santos-Sa,br BRA,FW,Wolfsburg,12.0,2,0,0,17,21,6,12,16,7,0,0,0,22,33,66.7,26,1,26,49,53.1,23,Matches
324,Abdelhamid Sabiri\Abdelhamid-Sabiri,de GER,MF,Paderborn 07,5.4,2,0,0,11,8,0,1,8,4,0,0,0,15,24,62.5,16,0,9,17,52.9,8,Matches
325,Marcel Sabitzer\Marcel-Sabitzer,at AUT,FWMF,RB Leipzig,14.7,2,0,0,7,18,3,76,16,15,0,0,0,17,29,58.6,18,3,21,44,47.7,23,Matches
326,Nuri Şahin\Nuri-Sahin,tr TUR,MF,Werder Bremen,11.3,4,1,1,19,12,0,66,17,24,0,0,0,10,15,66.7,10,0,24,49,49.0,25,Matches
327,Roland Sallai\Roland-Sallai,hu HUN,FW,Freiburg,4.5,0,0,0,6,14,3,17,6,4,0,0,0,9,17,52.9,10,1,6,10,60.0,4,Matches
328,Diadie Samassékou\Diadie-Samassekou,ml MLI,MF,Hoffenheim,2.9,2,0,0,5,3,0,1,4,6,0,0,0,5,5,100.0,5,0,4,10,40.0,6,Matches
329,Renato Sanches\Renato-Sanches,pt POR,MF,Bayern Munich,0.1,0,0,0,0,1,0,0,0,0,0,0,0,0,0,,0,0,0,0,,0,Matches
330,Jadon Sancho\Jadon-Sancho,eng ENG,MF,Dortmund,13.1,0,0,0,2,11,3,37,7,9,0,0,0,54,96,56.3,58,8,10,21,47.6,11,Matches
331,Salif Sané\Salif-Sane,sn SEN,DFMF,Schalke 04,7.5,3,0,0,8,14,0,0,8,14,0,0,0,7,8,87.5,7,1,13,20,65.0,7,Matches
332,Marcelo Saracchi\Marcelo-Saracchi,uy URU,DF,RB Leipzig,2.0,1,0,0,1,1,0,7,3,1,0,0,0,5,7,71.4,6,0,6,8,75.0,2,Matches
333,Josh Sargent\Josh-Sargent,us USA,FW,Werder Bremen,6.1,0,0,0,6,9,2,1,3,3,0,0,0,6,9,66.7,6,1,3,8,37.5,5,Matches
334,Louis Schaub\Louis-Schaub,at AUT,MF,Köln,7.0,0,0,0,8,11,1,19,9,3,0,0,0,20,36,55.6,23,0,14,20,70.0,6,Matches
335,Patrik Schick\Patrik-Schick,cz CZE,FW,RB Leipzig,4.0,2,0,0,8,6,4,3,3,0,0,0,0,8,20,40.0,10,2,3,5,60.0,2,Matches
336,Julian Schieber\Julian-Schieber,de GER,FW,Augsburg,0.5,1,0,0,2,0,0,0,1,0,0,0,0,0,0,,0,0,1,1,100.0,0,Matches
337,Kingsley Schindler\Kingsley-Schindler,de GER,DF,Köln,8.9,0,0,0,11,9,3,31,3,5,0,0,0,11,20,55.0,12,1,4,10,40.0,6,Matches
338,Xaver Schlager\Xaver-Schlager,at AUT,MF,Wolfsburg,4.6,1,0,0,9,5,0,4,14,6,0,0,0,8,9,88.9,8,0,17,29,58.6,12,Matches
339,Keven Schlotterbeck\Keven-Schlotterbeck,de GER,DF,Union Berlin,7.6,3,1,0,11,11,1,1,9,13,0,0,0,3,4,75.0,3,0,18,28,64.3,10,Matches
340,Nico Schlotterbeck\Nico-Schlotterbeck,de GER,DF,Freiburg,3.9,0,0,0,6,9,0,4,5,4,0,0,0,4,4,100.0,4,0,8,9,88.9,1,Matches
341,Marcel Schmelzer\Marcel-Schmelzer,de GER,DF,Dortmund,0.0,0,0,0,0,0,0,1,0,0,0,0,0,0,0,,0,0,0,0,,0,Matches
342,Jonathan Schmid\Jonathan-Schmid,fr FRA,MF,Freiburg,15.9,1,0,0,9,19,2,59,15,13,0,0,0,8,17,47.1,8,0,23,37,62.2,14,Matches
343,Manuel Schmiedebach\Manuel-Schmiedebach,de GER,MF,Union Berlin,1.6,0,0,0,3,2,0,0,2,1,0,0,0,0,0,,0,0,3,8,37.5,5,Matches
344,Benno Schmitz\Benno-Schmitz,de GER,DF,Köln,4.7,0,0,0,7,1,0,16,6,4,0,0,0,1,2,50.0,1,0,11,18,61.1,7,Matches
345,Sebastian Schonlau\Sebastian-Schonlau,de GER,MF,Paderborn 07,11.0,1,0,0,10,10,0,1,13,23,0,1,0,2,2,100.0,2,0,26,40,65.0,14,Matches
346,Alessandro Schöpf\Alessandro-Schopf,at AUT,MF,Schalke 04,2.1,1,0,0,3,4,0,4,5,4,0,0,0,3,6,50.0,4,0,7,8,87.5,1,Matches
347,Markus Schubert\Markus-Schubert,de GER,GK,Schalke 04,2.2,0,0,0,0,0,0,0,0,0,0,0,0,0,0,,0,0,0,0,,0,Matches
348,Nico Schulz\Nico-Schulz,de GER,DFMF,Dortmund,6.3,0,0,0,11,3,4,13,6,7,0,0,0,6,10,60.0,6,0,12,22,54.5,10,Matches
349,Alexander Schwolow\Alexander-Schwolow,de GER,GK,Freiburg,7.2,0,0,0,0,0,0,0,0,0,0,0,0,0,0,,0,0,0,0,,0,Matches
350,Davie Selke\Davie-Selke,de GER,FW,Hertha BSC,9.6,3,0,0,26,17,6,3,3,2,0,0,0,5,12,41.7,6,1,4,8,50.0,4,Matches
351,Suat Serdar\Suat-Serdar,de GER,MF,Schalke 04,12.9,2,0,0,20,24,1,1,34,14,0,0,0,34,53,64.2,36,2,50,82,61.0,32,Matches
352,Khiry Shelton\Khiry-Shelton,us USA,FW,Paderborn 07,0.4,0,0,0,0,1,0,0,0,0,0,0,0,2,2,100.0,2,0,0,0,,0,Matches
353,André Silva\Andre-Silva,pt POR,FW,Eint Frankfurt,5.9,0,0,0,10,10,1,4,0,0,0,0,0,10,15,66.7,11,0,3,5,60.0,2,Matches
354,Sarpreet Singh\Sarpreet-Singh,nz NZL,MF,Bayern Munich,0.1,0,0,0,0,0,0,0,0,0,0,0,0,0,0,,0,0,0,0,,0,Matches
355,Daley Sinkgraven\Daley-Sinkgraven,nl NED,MF,Bayer,2.6,1,0,0,6,2,0,1,4,0,0,0,0,1,1,100.0,1,1,7,11,63.6,4,Matches
356,Ellyes Skhiri\Ellyes-Skhiri,tn TUN,MF,Köln,13.7,1,0,0,13,11,2,2,21,29,0,0,0,19,21,90.5,19,1,32,52,61.5,20,Matches
357,Robert Skov\Robert-Skov,dk DEN,FW,Hoffenheim,14.8,2,0,0,10,14,1,72,23,10,0,0,0,21,33,63.6,24,2,32,50,64.0,18,Matches
358,Dennis Smarsch\Dennis-Smarsch,de GER,GK,Hertha BSC,0.7,0,0,0,0,0,0,0,0,0,0,0,0,0,0,,0,0,0,0,,0,Matches
359,Lasse Sobiech\Lasse-Sobiech,de GER,DFMF,Köln,1.0,1,0,0,2,0,0,0,0,4,0,0,0,0,0,,0,0,1,1,100.0,0,Matches
360,Marcel Sobottka\Marcel-Sobottka,de GER,MF,Düsseldorf,3.1,0,0,0,10,2,0,0,5,2,0,0,0,0,2,0.0,0,0,9,13,69.2,4,Matches
361,Yann Sommer\Yann-Sommer,ch SUI,GK,M'gladbach,17.0,0,0,0,0,0,0,0,0,1,0,0,0,0,0,,0,0,0,1,0.0,1,Matches
362,Djibril Sow\Djibril-Sow,ch SUI,MF,Eint Frankfurt,12.4,2,0,0,20,23,0,35,24,18,0,0,0,7,14,50.0,8,0,37,56,66.1,19,Matches
363,Jerry St. Juste\Jerry-St-Juste,nl NED,DF,Mainz 05,12.7,5,0,0,11,9,1,2,21,30,0,0,0,5,7,71.4,5,1,34,45,75.6,11,Matches
364,Kostas Stafylidis\Kostas-Stafylidis,gr GRE,DFMF,Hoffenheim,3.4,0,0,0,5,2,0,5,0,2,0,0,0,4,5,80.0,5,0,7,8,87.5,1,Matches
365,Benjamin Stambouli\Benjamin-Stambouli,fr FRA,DFMF,Schalke 04,9.0,2,0,0,9,4,0,2,21,12,0,0,0,4,5,80.0,4,0,28,43,65.1,15,Matches
366,Niklas Stark\Niklas-Stark,de GER,DFMF,Hertha BSC,11.5,3,0,0,15,6,0,1,16,12,0,0,1,2,2,100.0,2,0,20,30,66.7,10,Matches
367,Renato Steffen\Renato-Steffen,ch SUI,MF,Wolfsburg,4.5,2,0,0,9,7,2,12,5,4,0,0,0,8,9,88.9,8,0,8,11,72.7,3,Matches
368,Zack Steffen\Zack-Steffen,us USA,GK,Düsseldorf,17.0,0,0,0,0,2,0,0,0,0,0,0,0,0,0,,0,0,0,0,,0,Matches
369,Lars Stindl\Lars-Stindl,de GER,MF,M'gladbach,3.5,1,0,0,5,5,2,2,4,3,0,0,0,4,8,50.0,4,0,4,10,40.0,6,Matches
370,Tobias Strobl\Tobias-Strobl,de GER,DFMF,M'gladbach,1.4,1,0,0,6,3,0,0,2,4,0,0,0,1,1,100.0,1,0,4,6,66.7,2,Matches
371,Christian Strohdiek\Christian-Strohdiek,de GER,DF,Paderborn 07,5.0,1,0,0,3,4,0,2,7,9,0,1,0,0,0,,0,0,13,23,56.5,10,Matches
372,Neven Subotić\Neven-Subotic,rs SRB,DF,Union Berlin,10.8,2,1,1,4,2,0,3,6,21,0,0,0,0,1,0.0,0,0,12,25,48.0,13,Matches
373,Marek Suchý\Marek-Suchy,cz CZE,DF,Augsburg,1.5,0,0,0,1,0,0,0,1,1,0,0,0,0,0,,0,0,3,3,100.0,0,Matches
374,Niklas Süle\Niklas-Sule,de GER,DF,Bayern Munich,7.1,1,0,0,6,4,0,1,4,6,0,0,0,2,2,100.0,2,0,9,11,81.8,2,Matches
375,Markus Suttner\Markus-Suttner,at AUT,DFGK,Düsseldorf,3.8,1,0,0,3,1,0,27,4,5,0,0,0,2,2,100.0,2,0,6,10,60.0,4,Matches
376,Ádám Szalai\Adam-Szalai,hu HUN,FW,Mainz 05,8.4,0,0,0,18,18,6,2,3,2,0,0,0,9,11,81.8,9,0,5,10,50.0,5,Matches
377,Jonathan Tah\Jonathan-Tah,de GER,DF,Bayer,12.0,3,1,0,19,9,0,0,10,15,0,0,0,8,10,80.0,9,0,21,30,70.0,9,Matches
378,Georg Teigl\Georg-Teigl,at AUT,DFMF,Augsburg,1.1,0,0,0,2,1,0,0,0,3,0,0,0,1,1,100.0,1,0,0,4,0.0,4,Matches
379,Bernard Tekpetey\Bernard-Tekpetey,gh GHA,MF,Düsseldorf,4.3,4,0,0,12,12,2,12,6,2,0,0,0,10,17,58.8,10,0,6,9,66.7,3,Matches
380,Lino Tempelmann\Lino-Tempelmann,de GER,MF,Freiburg,0.4,0,0,0,1,0,0,1,0,0,0,0,0,1,1,100.0,1,0,1,1,100.0,0,Matches
381,Simon Terodde\Simon-Terodde,de GER,FW,Köln,8.2,4,0,0,23,10,2,1,5,2,0,0,0,2,5,40.0,3,0,13,23,56.5,10,Matches
382,Niclas Thiede\Niclas-Thiede,de GER,GK,Freiburg,0.8,0,0,0,0,1,0,0,0,0,0,0,0,0,0,,0,0,0,0,,0,Matches
383,Jan Thielmann\Jan-Thielmann,de GER,FW,Köln,2.3,1,0,0,4,1,1,4,4,3,0,0,0,1,4,25.0,1,0,5,6,83.3,1,Matches
384,Erik Thommy\Erik-Thommy,de GER,MF,Düsseldorf,10.6,2,0,0,11,27,4,67,11,6,0,0,0,26,39,66.7,28,0,19,31,61.3,12,Matches
385,Marcus Thuram\Marcus-Thuram,fr FRA,FW,M'gladbach,13.8,0,0,0,27,33,13,13,10,8,1,0,0,43,70,61.4,45,2,13,23,56.5,10,Matches
386,Marcel Tisserand\Marcel-Tisserand,cd COD,DF,Wolfsburg,11.4,8,1,1,23,3,1,8,11,27,0,0,0,8,10,80.0,8,1,22,27,81.5,5,Matches
387,Corentin Tolisso\Corentin-Tolisso,fr FRA,DFMF,Bayern Munich,5.1,0,0,0,6,5,0,2,3,4,0,0,0,7,10,70.0,7,0,4,13,30.8,9,Matches
388,Ömer Toprak\Omer-Toprak,tr TUR,DF,Werder Bremen,3.1,0,0,0,1,1,0,0,2,6,0,0,1,0,0,,0,0,3,3,100.0,0,Matches
389,Lucas Torró\Lucas-Torro,es ESP,MF,Eint Frankfurt,1.5,2,0,0,2,4,0,0,4,3,0,0,0,1,1,100.0,1,0,6,9,66.7,3,Matches
390,Jordan Torunarigha\Jordan-Torunarigha,de GER,DF,Hertha BSC,1.0,0,0,0,1,0,0,0,5,3,0,0,0,1,1,100.0,1,0,6,7,85.7,1,Matches
391,Almamy Touré\Almamy-Toure,ml MLI,DF,Eint Frankfurt,7.2,2,0,0,8,0,0,34,10,18,0,0,0,11,11,100.0,11,0,14,20,70.0,6,Matches
392,Ibrahima Traoré\Ibrahima-Traore,gn GUI,MF,M'gladbach,0.1,0,0,0,0,0,0,0,0,0,0,0,0,1,2,50.0,1,0,0,1,0.0,1,Matches
393,Kevin Trapp\Kevin-Trapp,de GER,GK,Eint Frankfurt,6.0,0,0,0,0,1,0,0,0,1,0,0,0,0,0,,0,0,0,0,,0,Matches
394,Christopher Trimmel\Christopher-Trimmel,at AUT,FWMF,Union Berlin,17.0,3,0,0,16,15,1,144,21,35,0,1,0,17,23,73.9,20,0,38,59,64.4,21,Matches
395,Anthony Ujah\Anthony-Ujah,ng NGA,FW,Union Berlin,5.7,0,0,0,10,2,3,3,3,1,0,0,0,5,10,50.0,5,0,5,7,71.4,2,Matches
396,Sven Ulreich\Sven-Ulreich,de GER,GK,Bayern Munich,0.0,1,0,0,0,0,0,0,0,0,0,0,0,0,0,,0,0,0,0,,0,Matches
397,Dayot Upamecano\Dayot-Upamecano,fr FRA,DF,RB Leipzig,12.6,1,0,0,10,5,0,0,29,19,0,0,0,12,15,80.0,12,1,36,46,78.3,10,Matches
398,Mark Uth\Mark-Uth,de GER,FW,Schalke 04,3.9,0,0,0,8,2,2,3,3,2,0,0,0,3,6,50.0,3,1,4,9,44.4,5,Matches
399,Ruben Vargas\Ruben-Vargas,ch SUI,FW,Augsburg,14.2,7,0,0,25,16,2,12,13,11,1,0,0,32,61,52.5,36,3,19,34,55.9,15,Matches
400,Sebastian Vasiliadis\Sebastian-Vasiliadis,gr GRE,MF,Paderborn 07,15.4,5,0,0,26,16,0,6,32,14,0,0,0,27,41,65.9,33,0,53,81,65.4,28,Matches
401,Miloš Veljković\Milos-Veljkovic,rs SRB,DF,Werder Bremen,9.9,4,0,0,8,4,0,0,14,11,0,0,0,0,0,,0,0,27,36,75.0,9,Matches
402,Birger Verstraete\Birger-Verstraete,be BEL,DF,Köln,7.4,3,0,0,13,16,0,31,12,4,0,0,0,2,6,33.3,3,0,21,35,60.0,14,Matches
403,Kevin Vogt\Kevin-Vogt,de GER,DFMF,Hoffenheim,10.7,2,0,0,9,8,0,1,6,8,0,0,0,4,4,100.0,4,0,11,15,73.3,4,Matches
404,Kevin Volland\Kevin-Volland,de GER,FW,Bayer,15.2,2,0,0,15,11,22,31,8,3,0,0,0,17,33,51.5,22,1,12,22,54.5,10,Matches
405,Luca Waldschmidt\Luca-Waldschmidt,de GER,FW,Freiburg,6.0,0,0,0,5,8,2,3,4,2,1,0,0,8,16,50.0,11,0,4,14,28.6,10,Matches
406,Wout Weghorst\Wout-Weghorst,nl NED,FW,Wolfsburg,16.1,2,0,0,27,21,12,3,5,2,0,0,0,17,26,65.4,17,0,7,21,33.3,14,Matches
407,Julian Weigl\Julian-Weigl,de GER,MF,Dortmund,11.3,4,0,0,8,10,0,1,12,8,0,0,0,6,8,75.0,6,0,21,34,61.8,13,Matches
408,Mitchell Weiser\Mitchell-Weiser,de GER,DFMF,Bayer,5.9,1,0,0,8,12,0,19,15,14,0,0,0,7,10,70.0,7,1,24,29,82.8,5,Matches
409,Wendell\Wendell,br BRA,DF,Bayer,12.7,5,1,1,19,14,1,17,29,25,0,0,0,4,6,66.7,4,1,49,66,74.2,17,Matches
410,Oscar Wendt\Oscar-Wendt,se SWE,DF,M'gladbach,9.9,2,0,0,8,6,0,35,12,13,0,0,0,2,4,50.0,2,1,20,30,66.7,10,Matches
411,Timo Werner\Timo-Werner,de GER,FWMF,RB Leipzig,15.8,1,0,0,11,14,23,46,3,2,1,0,0,34,53,64.2,37,1,5,14,35.7,9,Matches
412,Felix Wiedwald\Felix-Wiedwald,de GER,GK,Eint Frankfurt,3.0,0,0,0,0,0,0,0,0,0,0,0,0,0,0,,0,0,0,0,,0,Matches
413,William\William,br BRA,DF,Wolfsburg,13.9,0,0,0,25,14,1,53,34,25,0,0,0,20,37,54.1,22,2,54,94,57.4,40,Matches
414,Axel Witsel\Axel-Witsel,be BEL,MF,Dortmund,12.1,0,0,0,18,22,0,6,19,18,0,0,0,9,13,69.2,10,0,24,38,63.2,14,Matches
415,Hannes Wolf\Hannes-Wolf,at AUT,MF,RB Leipzig,0.2,0,0,0,1,0,0,0,1,0,0,0,0,0,0,,0,0,2,3,66.7,1,Matches
416,Marius Wolf\Marius-Wolf,de GER,FW,Hertha BSC,10.3,1,0,0,8,15,1,27,9,8,0,0,0,22,38,57.9,24,1,14,29,48.3,15,Matches
417,Dan-Axel Zagadou\Dan-Axel-Zagadou,fr FRA,DF,Dortmund,5.3,0,0,0,4,1,0,0,6,10,0,0,0,5,5,100.0,5,0,9,12,75.0,3,Matches
418,Denis Zakaria\Denis-Zakaria,ch SUI,MF,M'gladbach,15.2,6,0,0,20,12,0,2,31,28,0,0,0,32,41,78.0,34,0,45,60,75.0,15,Matches
419,Robin Zentner\Robin-Zentner,de GER,GK,Mainz 05,14.0,1,0,0,0,1,0,0,0,0,0,0,0,1,1,100.0,1,0,0,0,,0,Matches
420,Jean Zimmer\Jean-Zimmer,de GER,DF,Düsseldorf,5.9,2,0,0,8,8,0,25,4,2,0,0,0,6,14,42.9,7,0,10,17,58.8,7,Matches
421,Matthias Zimmermann\Matthias-Zimmermann,de GER,DFMF,Düsseldorf,17.0,4,0,0,30,11,1,61,19,19,0,0,0,6,17,35.3,6,0,39,59,66.1,20,Matches
422,Leopold Zingerle\Leopold-Zingerle,de GER,GK,Paderborn 07,11.0,0,0,0,0,0,0,0,0,0,0,0,0,0,0,,0,0,0,0,,0,Matches
423,Joshua Zirkzee\Joshua-Zirkzee,nl NED,FW,Bayern Munich,0.1,0,0,0,0,0,0,0,0,0,0,0,0,0,0,,0,0,0,1,0.0,1,Matches
424,Ben Zolinski\Ben-Zolinski,de GER,DFMF,Paderborn 07,9.1,2,0,0,18,14,9,2,3,5,0,0,0,7,13,53.8,8,0,6,23,26.1,17,Matches
425,Steven Zuber\Steven-Zuber,ch SUI,MF,Hoffenheim,1.0,0,0,0,2,1,0,2,0,0,0,0,0,2,2,100.0,2,0,2,3,66.7,1,Matches